,MAPE,MASE,RMSE,SMAPE,MAE,sharp_ratio,Directional Accuracy
lstm,2.242782149742506,4.769777990046099,0.0826320255987013,2.2697794118021903,0.06888122271902472,0.20434640037477983,60.0
