,MAPE,MASE,RMSE,SMAPE,MAE,sharp_ratio,Directional Accuracy
lstm,30.134621746888286,inf,0.9434990008011135,35.72705156374499,0.9143282990935728,22.887196882760197,55.26315789473685
